x,y,Time
0.0,0.0,0.0
0.0,0.0,0.04
-2.473059625984197e-06,7.07132304340891e-05,0.08
-5.946767665982871e-06,0.00014913240872575732,0.12
-1.5246314171444582e-06,0.00018557930899403468,0.16
3.6305007980098474e-05,0.0001467571307712255,0.2
0.00013301058454825076,1.0925864612735145e-05,0.24
0.00031855931683464744,-0.00022975571802334952,0.28
0.0006257670414098767,-0.0005680602234065579,0.32
0.0010675263225282151,-0.001007639482017125,0.36
0.001649645510219729,-0.001553459996467207,0.4
0.00240226299369959,-0.002169289925953353,0.44
0.003339902356759433,-0.0028274324147659824,0.48
0.00445239578566069,-0.003543301840818948,0.52
0.005720693472904178,-0.00434268585445585,0.56
0.007103164043111704,-0.0052742798443324215,0.6
0.008626758528804108,-0.006288230193237089,0.64
0.010273849404089807,-0.007395125678125646,0.68
0.012032292528867467,-0.008595194914642853,0.72
0.013854488646158103,-0.009928943631995393,0.76
0.015769910514906185,-0.011344699987591382,0.8
0.017771291757249653,-0.012832720453245067,0.84
0.01987752081826333,-0.01434414587091326,0.88
0.022085899595514297,-0.015858501598940172,0.92
0.02435717092167656,-0.01741577806471445,0.96
0.026638318253281792,-0.019062438091977954,1.0
0.026638318253281792,-0.019062438091977954,1.04
0.026731728222136996,-0.01952181731702699,1.08
0.0269278344878009,-0.020359434960113217,1.12
0.027205299459443066,-0.02151140508419912,1.16
0.027474300394476795,-0.02293296725286774,1.2
0.02768082732490584,-0.02457260932077298,1.24
0.027840528303864236,-0.026384536753036224,1.28
0.028003093821198772,-0.028327410373470356,1.32
0.028153578320991246,-0.03036587276933623,1.36
0.028285157050748133,-0.03246789090826238,1.4000000000000001
0.028461909036904872,-0.03459859434705354,1.44
0.02872058968511443,-0.03672073998711392,1.48
0.029065466253348847,-0.03880544768243882,1.52
0.029466811352914027,-0.04084025066132292,1.56
0.02989906625794621,-0.04281307252959697,1.6
0.030332583783861673,-0.04471455335291012,1.6400000000000001
0.030757114594338372,-0.046530439557944,1.68
0.031157323357077785,-0.048249075578947025,1.72
0.03150951006198242,-0.04986006072898986,1.76
0.031810058307912996,-0.05135015423618821,1.8
0.03206208004914868,-0.05270662974611089,1.84
0.032269848902358185,-0.053917547402132227,1.8800000000000001
0.03244163582359329,-0.05497211070560638,1.92
0.03258989492755133,-0.055861236550273446,1.96
0.032721331099450614,-0.056575678799916485,2.0
0.03283375900925056,-0.057106512026078776,2.04
0.03291571638213825,-0.05744667386620811,2.08
0.03294331363338151,-0.057594005892253886,2.12
0.0329154536009897,-0.05754200994956967,2.16
0.0328121394662043,-0.05729100113491908,2.2
0.0326004910023115,-0.05684995629359923,2.24
0.032289471778139206,-0.05620839112590413,2.2800000000000002
0.0318574256346629,-0.05537244476420899,2.32
0.03134735077412318,-0.054316029559759296,2.36
0.030728973500554927,-0.053048576423732605,2.4
0.02997771793434343,-0.051579222952651375,2.44
0.029081891639120436,-0.049911279885791075,2.48
0.027968660329014322,-0.04809556780840037,2.52
0.026645722221045626,-0.04612346828733652,2.56
0.025115114021404084,-0.04399159134168384,2.6
0.023455069805485423,-0.0416377542295483,2.64
0.02165510639774507,-0.03906772169293212,2.68
0.019675040137776073,-0.036309901834479706,2.72
0.017506985796733446,-0.033370087276105014,2.7600000000000002
0.01510877565503713,-0.030285441851240824,2.8000000000000003
0.012479063986408887,-0.02705833095287161,2.84
0.009617272502098245,-0.023690863889559058,2.88
0.006567704361965281,-0.020142429972825778,2.92
0.0032339101955448767,-0.016515874665961307,2.96
-0.0004415505525496102,-0.012897328853359539,3.0
-0.004443913579799415,-0.009274342380695652,3.04
-0.008748886599484194,-0.005618701223467939,3.08
-0.013383683002537464,-0.0019885570596973384,3.12
-0.01834656577699917,0.0016039586251037708,3.16
-0.023535613739300427,0.005322353542106343,3.2
-0.02881715500119203,0.009323267899973097,3.24
-0.034191881597778744,0.013596588589935099,3.2800000000000002
-0.03961097275260752,0.018179042403118306,3.3200000000000003
-0.04506616363172471,0.023067213562192736,3.36
-0.05049687570110586,0.028297838102048334,3.4
-0.05582418885449017,0.03391042383523701,3.44
-0.061084404385757185,0.039868228564185045,3.48
-0.06614771616056926,0.04622519552528764,3.52
-0.07086889174333941,0.053015386737549776,3.56
-0.0752954768303828,0.06020109878181086,3.6
-0.07953858285185271,0.06772692455767208,3.64
-0.08362916504204224,0.075564578519777,3.68
-0.08764176086221882,0.08367167444320017,3.72
-0.09166619833933749,0.09199816530375085,3.7600000000000002
-0.0956763989430121,0.1005413741943695,3.8000000000000003
-0.09958558229908149,0.10931959146484234,3.84
-0.10344171360763305,0.11830298277030388,3.88
-0.10741723295928758,0.12740842094161334,3.92
-0.11152474421845802,0.13661678394421797,3.96
-0.11583556457006258,0.14587645771901298,4.0
-0.1203380701442054,0.15517956047625023,4.04
-0.12502300905121908,0.16451682232871445,4.08
-0.12968752488806926,0.17398107204870727,4.12
-0.13435423878415015,0.18354876785272786,4.16
-0.13889823929671033,0.1932581083512558,4.2
-0.14315744933682614,0.203142938395596,4.24
-0.14725678146484555,0.2131531598574121,4.28
-0.15130371812110743,0.22323925974879735,4.32
-0.15516714230967343,0.2334276363035398,4.36
-0.15891749845886127,0.24368428135582754,4.4
-0.16231823973622975,0.2540438550501232,4.44
-0.16550365900086778,0.2644684589896049,4.48
-0.16843260251682987,0.2749488606972326,4.5200000000000005
-0.17098187370836662,0.285478214221728,4.5600000000000005
-0.17325581796191858,0.29603293878369624,4.6000000000000005
-0.17542702657961393,0.30657981995000044,4.64
-0.1773806622668423,0.3171179865225294,4.68
-0.17935193401628477,0.32760376524608664,4.72
-0.1815229170479627,0.337975933128013,4.76
-0.18394291272353488,0.3482010407815102,4.8
-0.18672373030382536,0.35820718997132456,4.84
-0.18975470670359007,0.36803273033285916,4.88
-0.19303399990244874,0.37766058611465586,4.92
-0.19633623364691669,0.38718236188363603,4.96
-0.19925730522319618,0.39668096759873883,5.0
-0.20180019414380332,0.40613850400427715,5.04
-0.20386549250088834,0.41553366582016604,5.08
-0.20525158554409234,0.42480107522539906,5.12
-0.20582497924181778,0.43383725948895807,5.16
-0.20561142561720072,0.442589302186723,5.2
-0.20477905297968654,0.4510990202273365,5.24
-0.2034369261645065,0.45938012397570777,5.28
-0.20173317136069893,0.46747535524535305,5.32
-0.19995437096476598,0.47547714917431777,5.36
-0.19828033266967146,0.4834071356588107,5.4
-0.19682149404479116,0.4912583887896049,5.44
-0.1957095352972685,0.4990069177156108,5.48
-0.19495600663671606,0.5066293485176334,5.5200000000000005
-0.1946606377288086,0.5140735296208478,5.5600000000000005
-0.19473933014468187,0.5213411962948283,5.6000000000000005
-0.19494800218392883,0.5284759779334304,5.64
-0.19517253295384385,0.535478702110474,5.68
-0.195317451631345,0.5423410935607774,5.72
-0.1953629337024453,0.5490541373838456,5.76
-0.19528869917933264,0.5556087492919807,5.8
-0.19518581099286725,0.5620082069690733,5.84
-0.19512472454341756,0.5682497772138863,5.88
-0.19514702269382575,0.5743280298108888,5.92
-0.19513008753122899,0.5802447627524706,5.96
-0.1949510596122341,0.5859814111269069,6.0
-0.1947036137698003,0.5915533604300854,6.04
-0.19438402476501787,0.5969596846432708,6.08
-0.19390549869808957,0.6021781776167385,6.12
-0.19320620355563642,0.607177475614112,6.16
-0.19233497013468645,0.6119753133848299,6.2
-0.19137906791738343,0.6166078042404384,6.24
-0.19040624681908125,0.6210987477850093,6.28
-0.18943504541623732,0.6254556002678443,6.32
-0.1885715703578434,0.6296995849354341,6.36
-0.18785684719979467,0.6338331235626913,6.4
-0.18735030242221326,0.6378486237616168,6.44
-0.18707978174273823,0.6417340310026428,6.48
-0.18700286311335731,0.6454981220736158,6.5200000000000005
-0.18709061324774875,0.6491470354927824,6.5600000000000005
-0.18736770753495618,0.6526665559283437,6.6000000000000005
-0.18784350663987714,0.6560445806909181,6.640000000000001
-0.18855281123888074,0.6592423225765661,6.68
-0.18946412074715585,0.6622731993753027,6.72
-0.1905429696668801,0.6651573563117575,6.76
-0.19171804090817504,0.6679496496647503,6.8
-0.19299037620127754,0.6706457659862434,6.84
-0.19435573791173322,0.6732463675607255,6.88
-0.1957589071415278,0.6757960737645563,6.92
-0.19721803151915068,0.6782821435587478,6.96
-0.1987176046027842,0.6807191863905333,7.0
-0.20018672436151402,0.683157588431014,7.04
-0.20160713043231318,0.6856098052739394,7.08
-0.20295588806467807,0.6880884320958364,7.12
-0.20411649665043866,0.6906170524340581,7.16
-0.2050764312280255,0.6931916929478179,7.2
-0.20589342359289933,0.6958113215454691,7.24
-0.20664856206643223,0.6984709186605638,7.28
-0.20733067577278896,0.7011737706120291,7.32
-0.2079256738315064,0.7039227448254268,7.36
-0.20851061434798973,0.7067130051599366,7.4
-0.2091421700628917,0.7095351943757732,7.44
-0.20981690494804503,0.7123943955544376,7.48
-0.21049011922607283,0.7153064289975789,7.5200000000000005
-0.2111518110656996,0.7182778231857689,7.5600000000000005
-0.21178550449642294,0.7213158664078473,7.6000000000000005
-0.21233032947866928,0.7244294508736658,7.640000000000001
-0.21274551814454007,0.7276200361107062,7.68
-0.21298575352434373,0.7308824850975824,7.72
-0.21313561872280531,0.7342314508222056,7.76
-0.21321211196983061,0.7376717625193683,7.8
-0.2132519160905503,0.7412096488946546,7.84
-0.21334546696104006,0.7448472801163857,7.88
-0.21351985936733966,0.7485855343623953,7.92
-0.21387261817112443,0.7524052359337271,7.96
-0.21442884680679675,0.7562985716131654,8.0
-0.21519032977656172,0.7602652910178973,8.040000000000001
-0.21626053078905358,0.7642456978558085,8.08
-0.2176375501736237,0.7682349991474267,8.120000000000001
-0.2191791088982504,0.7723234133580081,8.16
-0.22094156261427148,0.7764775132350891,8.2
-0.22294162755638042,0.7806846768915595,8.24
-0.22528933716972194,0.7848406953985586,8.28
-0.2280107779049575,0.7889008684155019,8.32
-0.2311154608612078,0.7928328991670025,8.36
-0.23462223096910725,0.7965751447951355,8.4
-0.23852489005886013,0.8001047401284209,8.44
-0.24283326425819812,0.8033298136290595,8.48
-0.24751721475851185,0.8063016160297503,8.52
-0.2525358987037718,0.8091251839529026,8.56
-0.25787190114338193,0.811824556732451,8.6
-0.263418098270884,0.8146542562136966,8.64
-0.2690901904123986,0.817742219672415,8.68
-0.2748820989753668,0.8210879721644437,8.72
-0.2807485289394938,0.8247399829611084,8.76
-0.28666850601031046,0.8287129906150553,8.8
-0.29257077786572316,0.8330670265145366,8.84
-0.29821703878910444,0.8379526929524145,8.88
-0.3035416958072527,0.8433756995026116,8.92
-0.30840455651827187,0.8493517532768006,8.96
-0.31277184838671657,0.8558523637970468,9.0
-0.3165836557220523,0.8628469812610444,9.040000000000001
-0.3198292790875776,0.8702969244630882,9.08
-0.3223443624132964,0.8781461144590624,9.120000000000001
-0.3242483634672653,0.8863677852195376,9.16
-0.32577631931884105,0.8949517315227233,9.200000000000001
-0.32719622564367684,0.9038717728936684,9.24
-0.32843780031776776,0.9131111198101589,9.28
-0.3295327486649986,0.9226505481442628,9.32
-0.33052749752630006,0.9324723287861943,9.36
-0.331790645330621,0.9425116906224261,9.4
-0.3334496124094759,0.9527134238796189,9.44
-0.33549998296999667,0.9630600497355304,9.48
-0.33807376436879544,0.9734713234645287,9.52
-0.34122349406594804,0.9838905586900614,9.56
-0.34516492190352227,0.9941156035948076,9.6
-0.34987286207899515,1.004113278862638,9.64
-0.3552377484555721,1.0139404767255973,9.68
-0.3611421981005411,1.023667727163853,9.72
-0.3676292306243698,1.0332029752936625,9.76
-0.37487834662440656,1.0422087357063898,9.8
-0.382925610878778,1.0504314972663615,9.84
-0.3916142152175281,1.0581354701749017,9.88
-0.40084335180377584,1.0654397095626176,9.92
-0.41063815563700645,1.0721016661905787,9.96
-0.42096541981592356,1.0779426929636966,10.0
-0.43175875001780095,1.0829379942559756,10.040000000000001
-0.4429064016032659,1.0867555298692149,10.08
-0.4543153660587468,1.0894110346383432,10.120000000000001
-0.46595427097143527,1.0911050418511028,10.16
-0.47778952435699057,1.0919922098485546,10.200000000000001
-0.4897567078156064,1.092095528668377,10.24
-0.501805184252029,1.0914657444033764,10.28
-0.5136900620163373,1.0897902592047615,10.32
-0.525354315340297,1.0871338456734416,10.36
-0.536803976839639,1.0836308193655586,10.4
-0.547892158939327,1.0792365214863038,10.44
-0.5588127531689956,1.0742604893658976,10.48
-0.569759151205056,1.0690657416067477,10.52
-0.5807887190765311,1.0638501382096486,10.56
-0.591897087620098,1.0586945529466467,10.6
-0.6030556196114282,1.0536169436569818,10.64
-0.6141858464337541,1.0485132631628955,10.68
-0.6252178768301606,1.0433075358363115,10.72
-0.6362475409088123,1.0382654745243243,10.76
-0.6471623956832906,1.0331878047685736,10.8
-0.6579439711294981,1.028085020820862,10.84
-0.6684551218978724,1.0227740704704715,10.88
-0.6786340198114502,1.0172146139259488,10.92
-0.6885025400375904,1.0114697145168094,10.96
-0.6979512083317673,1.0054588749200095,11.0
-0.706867062969687,0.9991285997467176,11.040000000000001
-0.7152683286905962,0.9925338455607277,11.08
-0.7230514219538849,0.9856566879282554,11.120000000000001
-0.7301903398851214,0.9785324180727378,11.16
-0.7367538445064282,0.9712338743687686,11.200000000000001
-0.7428261024663525,0.963834070192466,11.24
-0.7484506133829647,0.9563842913343311,11.28
-0.7538766134969792,0.9490357838170078,11.32
-0.7592124073628905,0.9418854911128518,11.36
-0.7643882378961423,0.9348985653327158,11.4
-0.769421084220244,0.9281023801820593,11.44
-0.7743267315879534,0.9215221843070746,11.48
-0.7790715045905702,0.9151438002511484,11.52
-0.78369021062288,0.9090037433781855,11.56
-0.7881729530632932,0.9031024036116436,11.6
-0.7925371930477906,0.8974618796330814,11.64
-0.7967770601941119,0.8920832630955814,11.68
-0.8008652616159715,0.8869471959541465,11.72
-0.8047928295221162,0.8820492494954004,11.76
-0.8086037096209682,0.8774332794137834,11.8
-0.8122472396313444,0.8730521104984611,11.84
-0.8156930082806806,0.8688803400647367,11.88
-0.8188759282432979,0.864874487544832,11.92
-0.8217543244009772,0.8610174721055373,11.96
-0.8242904586789239,0.8573045455290391,12.0
-0.8265609480127853,0.8537609620832752,12.040000000000001
-0.8286515642979145,0.8504200737202291,12.08
-0.8306040957759083,0.8473020452887983,12.120000000000001
-0.8324532192311275,0.844427856349268,12.16
-0.8342200585709942,0.8418145089270664,12.200000000000001
-0.8358974734547493,0.8394507617933401,12.24
-0.8374506670885355,0.8372942468087246,12.280000000000001
-0.8388574293962587,0.8353206287279331,12.32
-0.8401216757660489,0.8335242658459128,12.36
-0.8412505999505414,0.8319005983152817,12.4
-0.8422586856445663,0.8304486308323366,12.44
-0.8431502888062147,0.8291602611362978,12.48
-0.8439321473387642,0.8280282728689271,12.52
-0.8446102595948257,0.8270444575536396,12.56
-0.8451892749602199,0.8261997399809368,12.6
-0.8456803896755698,0.8254876120696958,12.64
-0.8460952879330659,0.8249012054388564,12.68
-0.8464410707758743,0.8244324466606826,12.72
-0.846722452491472,0.8240722242537545,12.76
-0.8469545883948465,0.8238138960531819,12.8
-0.8471415190567999,0.8236483013533004,12.84
-0.8472964015669275,0.823567480907159,12.88
-0.8474322949738886,0.8235623509704061,12.92
-0.8475484676399109,0.8236239297220784,12.96
-0.8476463389446054,0.8237430843439387,13.0
-0.8477370100598268,0.8239103281213543,13.040000000000001
-0.8478263987439498,0.824115993067003,13.08
-0.8479161467349423,0.8243510404310415,13.120000000000001
-0.8480036037633932,0.8246074557432056,13.16
-0.8480857045942405,0.8248773647227652,13.200000000000001
-0.8481633285965752,0.825152401384738,13.24
-0.8482344029436231,0.8254248635782752,13.280000000000001
-0.8483021976544952,0.8256863366328769,13.32
-0.8483657650430487,0.8259293777594054,13.36
-0.8484234733064525,0.8261469572741934,13.4
-0.8484726707464856,0.826332626372882,13.44
-0.8485112172607566,0.8264800627360543,13.48
-0.8485351514454953,0.8265838887765742,13.52
-0.8485432540978406,0.8266380014323453,13.56
-0.848537397595476,0.8266357245367142,13.6
-0.8485125599583437,0.8265727745756664,13.64
-0.8484645592293744,0.8264450522539745,13.68
-0.8483972115678338,0.8262461176444226,13.72
-0.8483079518633491,0.8259719135437428,13.76
-0.8481847853488306,0.8256221067098711,13.8
-0.8480390029075902,0.8251884685356621,13.84
-0.8478667212739902,0.8246683469777992,13.88
-0.8476508810575197,0.8240645040698311,13.92
-0.8473731802524669,0.8233826576574886,13.96
-0.8470336677813014,0.8226198808104531,14.0
-0.8466057162453728,0.8217913601905651,14.040000000000001
-0.8460665089688229,0.8209158448625319,14.08
-0.845422288949134,0.8199861821086227,14.120000000000001
-0.8446883830914166,0.8189870168007362,14.16
-0.8439007586290965,0.8178897240694427,14.200000000000001
-0.8431138699595455,0.8166654502459667,14.24
-0.8423622458786347,0.8153040866858234,14.280000000000001
-0.8416510968925126,0.8138066110547596,14.32
-0.8410183168725535,0.8121705802806559,14.36
-0.84046824099007,0.8103998433546368,14.4
-0.8400497421773044,0.8085018244579858,14.44
-0.8396894870843247,0.8064773918163766,14.48
-0.8393722254132336,0.8043309175112358,14.52
-0.8391618575627547,0.8020703956299645,14.56
-0.8391510831311526,0.7997275317195109,14.6
-0.8392599803118873,0.7972844618056729,14.64
-0.8394741931385474,0.7947441414597002,14.68
-0.8397778232652943,0.7921086744792787,14.72
-0.8401392199897557,0.7893762608385642,14.76
-0.8405205625875056,0.7865451009142645,14.8
-0.840866286241372,0.7836146118747761,14.84
-0.8411460475227388,0.7805895076166457,14.88
-0.8412502972893054,0.7774910561376396,14.92
-0.8411842657460901,0.7743268264114147,14.96
-0.8409084008301239,0.7711211158068265,15.0
-0.8404711587940131,0.7678649017991566,15.040000000000001
-0.8398783434477175,0.7645652946162314,15.08
-0.8391072102676591,0.7612428387394,15.120000000000001
-0.8381069251323978,0.7579414140945608,15.16
-0.836923291547028,0.7546429964122527,15.200000000000001
-0.8355759452059759,0.7513463500362549,15.24
-0.8340886470179898,0.7480462293267329,15.280000000000001
-0.832437315346155,0.7447721171410507,15.32
-0.830523557183906,0.7416517186126524,15.36
-0.8283326867335336,0.7387557327332256,15.4
-0.8259052169211304,0.736046941312047,15.44
-0.8232673541216005,0.7335146792091315,15.48
-0.820430840876146,0.7311854877435764,15.52
-0.8174113870080697,0.7290822398165099,15.56
-0.8142241967174622,0.7273157599462294,15.6
-0.8108964802786716,0.7258649661168782,15.64
-0.8074691338917905,0.7247917869616807,15.68
-0.8039865204404724,0.7241208102600952,15.72
-0.8005165487368152,0.723897005680053,15.76
-0.7970532979479962,0.7240427026624654,15.8
-0.7935813539354285,0.7244732531485132,15.84
-0.7901140110150402,0.7251588679909128,15.88
-0.7866941645837024,0.7261160946554912,15.92
-0.7833319961033537,0.727317801882817,15.96
-0.780019947804074,0.7287204347494782,16.0
-0.7767341294397951,0.7302637801296459,16.04
-0.773422686300698,0.7318372020310338,16.080000000000002
-0.7700814774320385,0.7334027972668775,16.12
-0.766727381890969,0.734971134902225,16.16
-0.763363674308794,0.7365250697372958,16.2
-0.7600177448042521,0.7381012166395651,16.240000000000002
-0.7566664748819449,0.7396276684402485,16.28
-0.753291753133302,0.740995273901433,16.32
-0.749904426465695,0.7421155737107444,16.36
-0.7465480604664566,0.7428885843317953,16.4
-0.7432915807466788,0.7432533349740592,16.44
-0.7401669272557174,0.7432326867761022,16.48
-0.7371488371331214,0.7429095205756552,16.52
-0.7341796119708476,0.7424129342739271,16.56
-0.7312376419272666,0.7418323151429913,16.6
-0.7283348062864973,0.741178280568916,16.64
-0.7254637646930121,0.7405123202141363,16.68
-0.7226480005225642,0.73979887867676,16.72
-0.7198794542099487,0.7390942173683562,16.76
-0.7171814637929099,0.7383554987811894,16.8
-0.7145479806958428,0.737623120225728,16.84
-0.7119911248846946,0.7368827065773459,16.88
-0.7095644550012837,0.7360530246863467,16.92
-0.7072691109958626,0.7351486034661193,16.96
-0.7050864125476431,0.734206199896286,17.0
-0.7030027048368762,0.7332562087458009,17.04
-0.7010211654896318,0.7323030965026226,17.080000000000002
-0.6991383717809594,0.7313596361373532,17.12
-0.6973526973456186,0.730434640288525,17.16
-0.6956582774306396,0.7295424730723522,17.2
-0.6940557506661753,0.7286860349420647,17.240000000000002
-0.6925488228434334,0.7278623505960825,17.28
-0.6911349973269477,0.7270772017713488,17.32
-0.6898080183894124,0.72634205831575,17.36
-0.6885737877556962,0.7256470064219549,17.400000000000002
-0.6874286112916498,0.7249970934260235,17.44
-0.6863691504485459,0.7243962523375991,17.48
-0.6853879784750585,0.7238579366154932,17.52
-0.6844836884987918,0.7233834639990341,17.56
-0.6836582383808221,0.7229607881746782,17.6
-0.6829128526207782,0.7225807512070865,17.64
-0.6822440054788111,0.7222447294931672,17.68
-0.6816497841602027,0.7219492341495358,17.72
-0.6811266487533263,0.7216948928549202,17.76
-0.6806720122578958,0.7214778915822636,17.8
-0.6802829888890979,0.7212929683989815,17.84
-0.6799558919926785,0.7211369698497717,17.88
-0.6796867904840687,0.7210061989932227,17.92
-0.679471429495104,0.7208953776904043,17.96
-0.6793048782365525,0.7208012756187213,18.0
-0.6791810851051061,0.7207163606724684,18.04
-0.6790922568250156,0.720634287690945,18.080000000000002
-0.6790313261661247,0.7205530160773731,18.12
-0.6789926280154773,0.7204736397595871,18.16
-0.6789697860502951,0.7203973713649692,18.2
-0.6789571416384351,0.7203271956208759,18.240000000000002
-0.6789482734334779,0.7202660276178339,18.28
-0.6789370114066433,0.7202178431179143,18.32
-0.6789170696073331,0.7201872349631189,18.36
-0.6788811774032812,0.7201784427791492,18.400000000000002
-0.6788248465232987,0.7201991654533838,18.44
-0.6787445232199026,0.720258174772402,18.48
-0.6786360287574471,0.7203640656181592,18.52
-0.6784974138898713,0.7205273066880941,18.56
-0.6783352737466095,0.7207629376142684,18.6
-0.6781388400075514,0.7210773469214383,18.64
-0.6779208945189044,0.7214878151731533,18.68
-0.6776935300408655,0.7220093126751497,18.72
-0.6774729636456713,0.7226558876621029,18.76
-0.6772338463258764,0.723434045985268,18.8
-0.6769573532248886,0.7243503436296164,18.84
-0.6766691585752749,0.7254219938446784,18.88
-0.676391766925626,0.7266627711435973,18.92
-0.6761480703937541,0.7280840698160912,18.96
-0.675918121377702,0.729694802702539,19.0
-0.6756211724263425,0.7314931177428576,19.04
-0.6752186949520708,0.73347751538894,19.080000000000002
-0.6747090421029257,0.735656302847173,19.12
-0.6741124321181752,0.7380445546462683,19.16
-0.673449774489554,0.7406564436837971,19.2
-0.6727028153153383,0.7434945696301741,19.240000000000002
-0.6718754000413687,0.7465673452004086,19.28
-0.6709660505864662,0.7498811327126408,19.32
-0.6699602064308335,0.7534377948901411,19.36
-0.6689196675836242,0.7572600102329121,19.400000000000002
-0.6678504979577864,0.7613541684088257,19.44
-0.6667609149104949,0.765726422281073,19.48
-0.6657045252712069,0.7703895400730804,19.52
-0.6648184597164575,0.775354055538065,19.56
-0.6642662802038742,0.7806006206143588,19.6
-0.6641002849226705,0.7861085520109377,19.64
-0.6641851181865461,0.7919038957317844,19.68
-0.6644138250407494,0.798000421412652,19.72
-0.6646124845929808,0.804407601541448,19.76
-0.6648652992903313,0.8111198088300218,19.8
-0.6653491959198862,0.818109368202144,19.84
-0.6660571060494008,0.8253721876821184,19.88
-0.6669144834711408,0.8329183040626267,19.92
-0.6679005464865859,0.8407465278945714,19.96
-0.6689204759226265,0.8488665249321835,20.0
-0.669792309360752,0.8572847217586651,20.04
-0.6704801015926463,0.8659933512183081,20.080000000000002
-0.6709017852434292,0.8749780679673264,20.12
-0.6711370362385646,0.8842365435426534,20.16
-0.6714533244079338,0.8937623234575495,20.2
-0.6719538620477079,0.9035360172240723,20.240000000000002
-0.6727908324748383,0.9135175337539171,20.28
-0.6738773185565305,0.923714318581199,20.32
-0.6753264466029004,0.9340829723781297,20.36
-0.6770830260884502,0.9446249656443907,20.400000000000002
-0.6791471354694628,0.9553247850473087,20.44
-0.681417845408452,0.966198642818211,20.48
-0.6840742412542854,0.9771670415001465,20.52
-0.6870251384136593,0.9882484595574677,20.56
-0.6900369733866262,0.9995052277153892,20.6
-0.6929655321205519,1.0109561299531848,20.64
-0.695933563942013,1.0225580376260561,20.68
-0.6987761845574523,1.0343301707744033,20.72
-0.7015562494881871,1.0462447184824495,20.76
-0.7042847753499668,1.058283074765382,20.8
-0.7068874816948936,1.070441148030255,20.84
-0.7091928554989086,1.082717780564435,20.88
-0.7113657396168407,1.0950817005422098,20.92
-0.713374526493216,1.1075186961453216,20.96
-0.7154052580487307,1.1199891224759566,21.0
-0.7172708270573849,1.1325000967215082,21.04
-0.7187121185586749,1.1450331587361104,21.080000000000002
-0.7199183260713319,1.1575766386826798,21.12
-0.720853200585012,1.1701114546421965,21.16
-0.721307963208719,1.1825927091473953,21.2
-0.7212680205404111,1.1949911344038955,21.240000000000002
-0.7210644389543182,1.2073414157340778,21.28
-0.7206091566529483,1.2196151534969053,21.32
-0.7197325513665119,1.231754797024438,21.36
-0.7182613309615815,1.2436681354105013,21.400000000000002
-0.7161374868231903,1.2552849767322498,21.44
-0.7134034640019362,1.2665854060697839,21.48
-0.7100900967098701,1.2775427779543718,21.52
-0.7063936004943029,1.288249990643561,21.56
-0.7024135984690634,1.2987377711056054,21.6
-0.6980722581526283,1.3089231946608049,21.64
-0.6932700730168729,1.3186786019051657,21.68
-0.6879726593865909,1.327905095217188,21.72
-0.6822187427779709,1.3365813049893622,21.76
-0.6761017643336085,1.3447731808273586,21.8
-0.6697495226539815,1.3526047762332218,21.84
-0.6633477206379906,1.360257792143351,21.88
-0.6568614513314724,1.367669210708564,21.92
-0.6503075034831319,1.3748338346851756,21.96
-0.643823817317726,1.3818819589611313,22.0
-0.6375949662942494,1.3889495741616333,22.04
-0.631765172092183,1.3961032198582257,22.080000000000002
-0.6263116296059434,1.4033155173549707,22.12
-0.6213869377776996,1.4106194852967313,22.16
-0.6170311439229875,1.417997007584095,22.2
-0.613214236989179,1.4254172054068426,22.240000000000002
-0.6097073626739032,1.4328228818169786,22.28
-0.6065010192983571,1.4401992940735042,22.32
-0.6036455171454581,1.4475426928250419,22.36
-0.6010018358618003,1.4548211214333162,22.400000000000002
-0.5986323813298196,1.4620382999592434,22.44
-0.5965493158258899,1.4691884739835477,22.48
-0.5946348041369814,1.4762552080128868,22.52
-0.592758581946029,1.4832124819980637,22.56
-0.5907459861973435,1.4899985655697046,22.6
-0.5886316009926137,1.4966307600665378,22.64
-0.5863370545900265,1.5030679632193575,22.68
-0.5838325375429544,1.509288801964218,22.72
-0.5811255951024845,1.5152971923870235,22.76
-0.5782378329910505,1.521110184282762,22.8
-0.5751841965368707,1.5267416797640136,22.84
-0.5719854383862785,1.5322128393944567,22.88
-0.5687217961366705,1.5375952269561985,22.92
-0.565414861577178,1.5429132665399505,22.96
-0.5620178473276464,1.5481402635598969,23.0
-0.558561004181094,1.5533104531992257,23.04
-0.5550228795392336,1.5584169011391682,23.080000000000002
-0.5513883022436189,1.563457032521705,23.12
-0.5477166563722732,1.5684917065789188,23.16
-0.5440581570983698,1.5735686061181875,23.2
-0.5404099958223794,1.578696697799316,23.240000000000002
-0.5367224556725121,1.5838523477239328,23.28
-0.5329531392033964,1.5890139454750396,23.32
-0.5289717078918551,1.5940648338046652,23.36
-0.5246932007942534,1.598889445208719,23.400000000000002
-0.5200985895361646,1.6034428492789334,23.44
-0.5151716752212636,1.607662333003133,23.48
-0.5099050414374012,1.6114667559934173,23.52
-0.5043129490191068,1.6148253899055305,23.56
-0.49841865396976487,1.6177766859167197,23.6
-0.49225409696962064,1.6204659744020489,23.64
-0.485821836960465,1.6227666128959883,23.68
-0.47913868217857725,1.624665195534636,23.72
-0.47222108651574246,1.626164933273959,23.76
-0.46507513264508066,1.6273741895557992,23.8
-0.45771644559232505,1.6285540750109686,23.84
-0.45021941069090293,1.630002955676417,23.88
-0.4425931978378031,1.6317248531742758,23.92
-0.4348662542044994,1.63376760166533,23.96
-0.4269793711759858,1.6359717427868024,24.0
-0.41888990806505716,1.6381830387862406,24.04
-0.4105777927108709,1.6402828081872192,24.080000000000002
-0.40206710491480513,1.6423830069360472,24.12
-0.3933667014112685,1.6445105906815989,24.16
-0.38450023485186435,1.6467462056815099,24.2
-0.3755422992032689,1.6492835812965005,24.240000000000002
-0.3665885256915319,1.6522840748387646,24.28
-0.3665885256915319,1.6522840748387646,24.32
-0.36566659744777347,1.653631322751647,24.36
-0.3639258406568807,1.6561282833301623,24.400000000000002
-0.3612602982973659,1.6594399872465602,24.44
-0.3577123296975856,1.6633740827883325,24.48
-0.353387550486539,1.667839379089566,24.52
-0.34856252359409035,1.6729474378274833,24.560000000000002
-0.34356237478596874,1.6788073755051909,24.6
-0.33860565603849385,1.6854254374173299,24.64
-0.33374472573902414,1.6927311389279174,24.68
-0.32903460780117155,1.7006640137467623,24.72
-0.3244778134843647,1.7091544010631077,24.76
-0.32029463469770036,1.718192105878683,24.8
-0.31659290334899554,1.727728268340327,24.84
-0.31368114221869753,1.737690470412832,24.88
-0.31134400813759755,1.7480345091120497,24.92
-0.3094477897307927,1.7587146264632918,24.96
-0.3081089108576811,1.7696701380333877,25.0
-0.3074569907974753,1.7808223510709837,25.04
-0.3077483446462456,1.7920121093626689,25.080000000000002
-0.3090036783472731,1.8031477472379487,25.12
-0.3110813193782949,1.8142384216208036,25.16
-0.31385135737948266,1.825296479522491,25.2
-0.3173919580295377,1.8361999447686472,25.240000000000002
-0.32179951858701833,1.8467761472303925,25.28
-0.3267441746617926,1.8572570577692877,25.32
-0.3320235381504735,1.8677438513582907,25.36
-0.33762332955808966,1.878206048463887,25.400000000000002
-0.3435168724125289,1.888626137406049,25.44
-0.3496370395656894,1.8990207148780927,25.48
-0.35587668233176484,1.9094365789968606,25.52
-0.3621367830465066,1.9199129337489427,25.560000000000002
-0.36864876043769057,1.9302675842318857,25.6
-0.37545229429252924,1.9404403520575466,25.64
-0.3825796858148744,1.9503713043200004,25.68
-0.3900448573040743,1.9600134649739287,25.72
-0.3974739212620505,1.9696960227635205,25.76
-0.4049349029123212,1.9793518244322137,25.8
-0.412250784865643,1.9890947878665626,25.84
-0.4193080443483676,1.9989769700783522,25.88
-0.4257817404883386,2.009108279315469,25.92
-0.43136561465315243,2.01950147277709,25.96
-0.43607940019509855,2.030106531261552,26.0
-0.43996633156528747,2.0408753545586276,26.04
-0.4432275982393758,2.0517742034824664,26.080000000000002
-0.4459489774994361,2.0627704520168493,26.12
-0.4483972737199548,2.0738318939222995,26.16
-0.4505193220665398,2.0849404722007256,26.2
-0.45234556698956885,2.0960763193694847,26.240000000000002
-0.4540756358801424,2.107212930087564,26.28
-0.4556137612719583,2.1183451557137234,26.32
-0.4570116606617841,2.1294595404366117,26.36
-0.458105588232806,2.140545647961641,26.400000000000002
-0.45889429272286825,2.1515915936885066,26.44
-0.4595666052702077,2.162597026257856,26.48
-0.4600939125017413,2.173555167102898,26.52
-0.46054209673597346,2.1844617620419258,26.560000000000002
-0.4608499479447627,2.1953112298444637,26.6
-0.4609183706354441,2.206090641037728,26.64
-0.4607304917624395,2.216792076048485,26.68
-0.45992018613436975,2.227293055490264,26.72
-0.4581841040461286,2.2373455175703154,26.76
-0.4557052144220249,2.247043849803313,26.8
-0.4527987377047914,2.256580422395292,26.84
-0.44951966929513626,2.265964200134508,26.88
-0.44597706189080594,2.275241621008522,26.92
-0.44209451592439264,2.2843457285386974,26.96
-0.4379215820308727,2.293293988175582,27.0
-0.4335711169934843,2.3021504021997234,27.04
-0.42919010379246325,2.310992910254349,27.080000000000002
-0.42491028060343333,2.3198776326533994,27.12
-0.420704326567868,2.328789234862435,27.16
-0.41678777601910494,2.337794221567473,27.2
-0.4130582017241291,2.3468604015215737,27.240000000000002
-0.4092860421956954,2.355902704366505,27.28
-0.405264688499966,2.364804371106366,27.32
-0.40106351355094405,2.373605695313459,27.36
-0.39669248236026244,2.3823095532164054,27.400000000000002
-0.3922300116250396,2.3909628108852994,27.44
-0.3878005884447577,2.399632275191696,27.48
-0.3833495388996516,2.4082901459681696,27.52
-0.37891869316345483,2.416958135865981,27.560000000000002
-0.37456269084578286,2.425662105247183,27.6
-0.37030514628454586,2.4344120941601095,27.64
-0.36643883063583355,2.4432903070555128,27.68
-0.3629573669876455,2.4522863602059863,27.72
-0.35966117755816557,2.461357260235362,27.76
-0.35642413237320564,2.4704659046183335,27.8
-0.3531588001877459,2.4795808071403784,27.84
-0.34982385796108184,2.488684210374627,27.88
-0.34606536812421274,2.4975625042193634,27.92
-0.3418019231166999,2.506116275060856,27.96
-0.3370920097065836,2.5143768437681606,28.0
-0.3320028210429386,2.522389531366781,28.04
-0.3266564640940174,2.5302593652266316,28.080000000000002
-0.32105006962885196,2.5379668029933926,28.12
-0.3153560547639872,2.5456594584924552,28.16
-0.3095348739030834,2.5532945276879357,28.2
-0.30351701981813006,2.560793938790116,28.240000000000002
-0.2973507093937323,2.568196638948166,28.28
-0.2912079271352978,2.5756494319148513,28.32
-0.28524759934307015,2.5832529322762756,28.36
-0.27965072318765494,2.591083008821031,28.400000000000002
-0.2744100365711688,2.5991208428806103,28.44
-0.2693726838611058,2.607293575465838,28.48
-0.2643466222247642,2.6154949216180796,28.52
-0.25909575502799437,2.623542885079799,28.560000000000002
-0.25360737744393524,2.6314105651562993,28.6
-0.24778618872269365,2.6389672153006227,28.64
-0.24158096003658874,2.646094620878423,28.68
-0.23500978132049552,2.6527677193998462,28.72
-0.22808314634876237,2.658931751929301,28.76
-0.22080252375226656,2.664452967795546,28.8
-0.21321496383016067,2.6693454299321133,28.84
-0.2053657256578721,2.673617318887317,28.88
-0.19730093017280473,2.6771761383296346,28.92
-0.1890797138428636,2.6799768659601892,28.96
-0.18074849683256955,2.682072005961988,29.0
-0.17231530511166426,2.6836928556762283,29.04
-0.1637989630664921,2.685084772901219,29.080000000000002
-0.155232312708929,2.686402426368104,29.12
-0.14666283272790756,2.6878130217754,29.16
-0.1381517278283082,2.6894568826306164,29.2
-0.12968376397688183,2.691230250229203,29.240000000000002
-0.12125457731190599,2.6930619368897113,29.28
-0.11292229478966874,2.695084033007116,29.32
-0.10462005889744597,2.6970234589261484,29.36
-0.09635645006478395,2.6988649478265936,29.400000000000002
-0.08813682451488083,2.7005736442835317,29.44
-0.07996694194005854,2.701945937079494,29.48
-0.07185518807677117,2.7030995240438203,29.52
-0.06381148728238345,2.704073868650907,29.560000000000002
-0.055854131229674135,2.704754673087409,29.6
-0.04807438292527499,2.7048841073797734,29.64
-0.04065150692909923,2.7042620877268058,29.68
-0.03373154041245407,2.702851252334454,29.72
-0.027375310427039914,2.700711038333322,29.76
-0.021536137707715182,2.697953551237098,29.8
-0.016105431631961542,2.6947075860774574,29.84
-0.011093131884576678,2.691033219532502,29.88
-0.006475541699389183,2.6869985135439722,29.92
-0.0021390274452567537,2.68270078358234,29.96
0.0018476341218141385,2.6781538753957377,30.0
0.005601474107537603,2.67343846757546,30.04
0.009272615069094823,2.668659118736709,30.080000000000002
0.012907850166981507,2.6638680708519193,30.12
0.016614647296888108,2.659173540079255,30.16
0.020306061040770707,2.654513498229312,30.2
0.023908795518838986,2.64984587888255,30.240000000000002
0.027287011880660628,2.6451089697618544,30.28
0.03038115075062907,2.640295122367129,30.32
0.03326295183975896,2.635437993343739,30.36
0.03598904923763939,2.6305652720167814,30.400000000000002
0.03841771671569278,2.6256484929143173,30.44
0.04050074801875326,2.6206965432554066,30.48
0.04215308669994067,2.6157327440399327,30.52
0.043343684161033666,2.6107886109621044,30.560000000000002
0.044029382647265386,2.60591211688372,30.6
0.044285725915905946,2.601099735389204,30.64
0.044170101658064884,2.596350597106427,30.68
0.04375208951042486,2.5916522907987045,30.72
0.04318532137110824,2.586957392104902,30.76
0.04247445633794345,2.5822719244395964,30.8
0.041586511773258665,2.5776144436467683,30.84
0.040471208048298915,2.5730163608151124,30.88
0.03908416777401719,2.568515770697618,30.92
0.03741769597966809,2.5641308447881657,30.96
0.035527319615218,2.559824397291648,31.0
0.0334019607609446,2.555613256189113,31.04
0.03102337197135092,2.551524327229323,31.080000000000002
0.028400899139007528,2.5475554516432286,31.12
0.02552663602867944,2.5437258671939023,31.16
0.022495558208458187,2.5399218277930165,31.2
0.01938583430538199,2.536065474439598,31.240000000000002
0.016267135161921395,2.532098664943495,31.28
0.013222937670610493,2.527967366912402,31.32
0.01028581176331213,2.5236538953603866,31.36
0.007582934986140778,2.519116242674834,31.400000000000002
0.0052078765239872045,2.514345645487105,31.44
0.0031590221391512114,2.50935169265607,31.48
0.0012531300960098213,2.5041581118614458,31.52
-0.0005148013371694371,2.4987676223990105,31.560000000000002
-0.002345308707548887,2.4932281827595872,31.6
-0.00421706554715459,2.487531180624932,31.64
-0.006251014915826052,2.4817213885878835,31.68
-0.008543619827581495,2.4758493808491706,31.720000000000002
-0.011197433665604413,2.469990734743673,31.76
-0.014218127465816967,2.46415834622268,31.8
-0.017553609394311106,2.4583137525180074,31.84
-0.021158245114818935,2.452423302400343,31.88
-0.024907153960852916,2.446395352197009,31.92
-0.02867627302438741,2.44015680747961,31.96
-0.03258710451141638,2.433779757540621,32.0
-0.03672104467127859,2.4273240206884616,32.04
-0.041291199438979,2.421008302402306,32.08
-0.04627378704249474,2.4148202356877544,32.12
-0.05166652139100646,2.4087769574674462,32.160000000000004
-0.057441746900325504,2.402858591271249,32.2
-0.063552773197289,2.397014256404204,32.24
-0.06986514755753755,2.3910801522486187,32.28
-0.07631461625119874,2.384994397730021,32.32
-0.082788013594018,2.378658298211199,32.36
-0.0891651160649601,2.3719899433820304,32.4
-0.09526279997865643,2.364898822088336,32.44
-0.10115585090295852,2.357439314624257,32.480000000000004
-0.10727951380995458,2.349923178940045,32.52
-0.11389624104495874,2.342698790044173,32.56
-0.12096425502686178,2.335739268215746,32.6
-0.12836268934913952,2.3288845948244643,32.64
-0.13613043038849126,2.3222303671957314,32.68
-0.1443227069044116,2.3159427348855415,32.72
-0.1528601423373462,2.309893068169143,32.76
-0.1617336522332446,2.3041143729486957,32.8
-0.17088494232743826,2.298517315296187,32.84
-0.18026682767188087,2.2930382755331102,32.88
-0.1898829915658983,2.287729905484557,32.92
-0.19974081207720376,2.282666361213263,32.96
-0.20979226217248728,2.277763563373068,33.0
-0.21986053428899452,2.272680191860701,33.04
-0.22985236618713964,2.267306470513168,33.08
-0.23980720893321936,2.261728297746394,33.12
-0.2498313652767945,2.2561486714818133,33.160000000000004
-0.2598781959627474,2.2505153153456905,33.2
-0.2700429047954577,2.245052876851958,33.24
-0.28030888807430565,2.2397647790432242,33.28
-0.2907151485017012,2.234827432898086,33.32
-0.2907151485017012,2.234827432898086,33.36
-0.2907151485017012,2.234827432898086,33.4
-0.2919722190952534,2.235959408652732,33.44
-0.2942386124015526,2.2380896371982946,33.480000000000004
-0.2972341417573159,2.2411611557624616,33.52
-0.3007469369795076,2.2450864201871514,33.56
-0.3047870990524796,2.24963808020496,33.6
-0.3093471016273337,2.254622170885667,33.64
-0.31451480457293474,2.2597321897892497,33.68
-0.32023893262391734,2.264835047340246,33.72
-0.32634630962512007,2.270023228303081,33.76
-0.33280581315635366,2.2751897985768186,33.8
-0.3395806832799687,2.28024867897808,33.84
-0.3465579238097212,2.2852717859222516,33.88
-0.3536873843048766,2.2902367249031776,33.92
-0.360990774123561,2.2949930535598506,33.96
-0.3684422970584852,2.2994829354316315,34.0
-0.37604970346664607,2.30349455719116,34.04
-0.38376628676864966,2.307012393474096,34.08
-0.39151865916768713,2.3102611063966623,34.12
-0.3992348221360739,2.3133950376579926,34.160000000000004
-0.4068494619089081,2.3165195666721283,34.2
-0.4142279324967245,2.3198290617264514,34.24
-0.42127865750899757,2.3233933690293167,34.28
-0.42792280872066185,2.327243269144694,34.32
-0.434104322954439,2.331375545904941,34.36
-0.43973043965071845,2.3357917022609977,34.4
-0.4447961363101857,2.340444204256013,34.44
-0.449358576745834,2.3452696481044515,34.480000000000004
-0.4535689006100057,2.350179164468614,34.52
-0.45747524943183715,2.355125325769083,34.56
-0.4609457681613984,2.3601215747909103,34.6
-0.4639733436851936,2.3651376027384567,34.64
-0.4664878901574047,2.370139594196815,34.68
-0.4685841873581332,2.375099047899835,34.72
-0.47034122018912483,2.3799920412262257,34.76
-0.47183842731517145,2.3847987415841714,34.800000000000004
-0.4731419434983636,2.3895019517308786,34.84
-0.47432078223666496,2.394085254386278,34.88
-0.47530246292411366,2.3985431054920783,34.92
-0.47614188521609324,2.402868315101246,34.96
-0.4768282931320961,2.407054884140355,35.0
-0.4773013525887801,2.411087674888529,35.04
-0.4775845438890551,2.414964266704142,35.08
-0.4776947890843408,2.4186826153332546,35.12
-0.4776544328262961,2.422244434293775,35.160000000000004
-0.47749213397471796,2.425655874873433,35.2
-0.4772190683300315,2.428919161851096,35.24
-0.47684049725181354,2.43203550915771,35.28
-0.4763677784033415,2.435009817325051,35.32
-0.4757861998322499,2.437833958251535,35.36
-0.4751203191651248,2.440522524229601,35.4
-0.47438095208170394,2.443083354050256,35.44
-0.473566940715885,2.445517253477977,35.480000000000004
-0.472697438226912,2.4478401264768177,35.52
-0.47179711244620176,2.4500722996075193,35.56
-0.47085550567259044,2.452211391781997,35.6
-0.4698248640431432,2.454214871773104,35.64
-0.468728934545171,2.456111386387862,35.68
-0.46755311668225175,2.457882242252468,35.72
-0.4662855959082528,2.459500123736929,35.76
-0.46493531070621663,2.4609767905962117,35.800000000000004
-0.46352395868004953,2.462358501145345,35.84
-0.46206555748216255,2.4636736538097748,35.88
-0.46058824172266505,2.464970413366912,35.92
-0.4590777409299916,2.466233261522401,35.96
-0.4575457201496683,2.467485142912315,36.0
-0.45599773660477666,2.4687393869230436,36.04
-0.45442815729931335,2.4699945965074273,36.08
-0.4528219492873924,2.471235358027323,36.12
-0.4511637333788165,2.4724414584190346,36.160000000000004
-0.44945291895891976,2.473617987768497,36.2
-0.44770375785038286,2.474797163014405,36.24
-0.44589214220379214,2.475938712558088,36.28
-0.4440112518795915,2.4770308420845875,36.32
-0.4420591595107722,2.4780727900855344,36.36
-0.4400311800252315,2.479052443577253,36.4
-0.4379443761447546,2.4800279011160162,36.44
-0.43579537015983977,2.4809952692086883,36.480000000000004
-0.4336029538296094,2.4820024147382527,36.52
-0.4313754257422853,2.483067890832865,36.56
-0.429097910360837,2.48416697518459,36.6
-0.4267472783377386,2.4852489085674545,36.64
-0.4243139710068798,2.4862844908919204,36.68
-0.42178602354859285,2.4871941717213786,36.72
-0.41917034938289915,2.488026257727039,36.76
-0.41648143815992766,2.488852351973037,36.800000000000004
-0.41375230538645547,2.489763284596922,36.84
-0.4110351603733991,2.490840567336139,36.88
-0.40832532718456,2.4920705948225654,36.92
-0.4056421144853736,2.4934680745968194,36.96
-0.40297093009790785,2.495008976096197,37.0
-0.40026337162385217,2.4966265253430517,37.04
-0.39757311849438753,2.498379411583556,37.08
-0.39495766261062776,2.5003096678731396,37.12
-0.39249445737524985,2.502452091946575,37.160000000000004
-0.39011678623827206,2.504758503913411,37.2
-0.3877377075771937,2.5071596486373577,37.24
-0.38533397881686615,2.5096277049349474,37.28
-0.38288325353817887,2.5121338130894926,37.32
-0.38039997891577737,2.514684478754708,37.36
-0.37786822252322005,2.5172565299745084,37.4
-0.37535091772282814,2.5199008710191064,37.44
-0.3728760233994431,2.5226315346915635,37.480000000000004
-0.37046275645216636,2.5254541221806237,37.52
-0.3681424661291011,2.5283789513849704,37.56
-0.3658243909870358,2.5313445110677977,37.6
-0.3635025509804704,2.5343409974995588,37.64
-0.3611790580117854,2.5373649573951043,37.68
-0.35895480332200014,2.540471522538228,37.72
-0.35673150320965347,2.543600391205878,37.76
-0.35441434158794943,2.546666983943138,37.800000000000004
-0.3520174669052385,2.549679535537613,37.84
-0.3495925346701768,2.5526829778092712,37.88
-0.3471375792705975,2.5556718386942077,37.92
-0.34465000096773774,2.558640348919104,37.96
-0.3420973391670002,2.5615516466767847,38.0
-0.3394862479767142,2.5644092337548363,38.04
-0.33682359356633484,2.5672175307196663,38.08
-0.33412523990405535,2.5699919937512297,38.12
-0.33139061589305896,2.572729912945346,38.160000000000004
-0.3286077412024265,2.575414760502106,38.2
-0.32576730425899814,2.578031771856923,38.24
-0.3228445345379173,2.5805378753765003,38.28
-0.3198209206842834,2.582885706528392,38.32
-0.3167139089184777,2.5851064041098444,38.36
-0.3135267290885575,2.5871984915990933,38.4
-0.3102878831855297,2.5892242883159193,38.44
-0.3070354454213256,2.591254014881452,38.480000000000004
-0.303737705610026,2.5932297828933084,38.52
-0.30036172726289523,2.5950585515965368,38.56
-0.29690002765095114,2.596677257083702,38.6
-0.2933583756721016,2.598027634728055,38.64
-0.2897437622994794,2.5991548859757256,38.68
-0.2860628903112797,2.6001573086918968,38.72
-0.28231789445041733,2.601015581079666,38.76
-0.2785144549216075,2.601807078275651,38.800000000000004
-0.2746564104477462,2.6025663831548385,38.84
-0.27077830737953545,2.6034370250416448,38.88
-0.26694792003727497,2.6045463594006324,38.92
-0.2631491713518499,2.60586405268779,38.96
-0.25936674778710245,2.6073636164819503,39.0
-0.25556061241803835,2.608981496449557,39.04
-0.25172810333353235,2.6107158409544673,39.08
-0.24785119243705747,2.6125402985961332,39.12
-0.24396508116588173,2.6145150025991857,39.160000000000004
-0.24008569518805165,2.6166639913228003,39.2
-0.23617378810099782,2.6189410681156784,39.24
-0.23223528390544168,2.6213601103709356,39.28
-0.22830199407237145,2.6239636012502583,39.32
-0.22437973763963062,2.6267618715839895,39.36
-0.22037514583487827,2.6296565080709957,39.4
-0.21623260696404828,2.632577454972965,39.44
-0.21190101193072983,2.6354416204808233,39.480000000000004
-0.20736466481936047,2.638222318730177,39.52
-0.20266360822650445,2.641017855343366,39.56
-0.19787309872149852,2.6439628478149912,39.6
-0.1930677314782488,2.6471547156542163,39.64
-0.18825031653483276,2.650599506203919,39.68
-0.18333744527517057,2.6542106975915822,39.72
-0.17838806678017882,2.658057479955894,39.76
-0.1734824015623758,2.6622124673502516,39.800000000000004
-0.16875431817572092,2.66676030166247,39.84
-0.16423439693400693,2.6717067757130306,39.88
-0.15981446116707,2.676989648136491,39.92
-0.1555448689816292,2.682626575405983,39.96
-0.15124056642302627,2.6885152459579382,40.0
-0.1468354628895496,2.6946103224521853,40.04
-0.14213896673996992,2.700752798358765,40.08
-0.13711113233994313,2.7068942227522026,40.12
-0.13169092556878126,2.712948297672353,40.160000000000004
-0.12587806544270605,2.7188989190866732,40.2
-0.11968135275109777,2.7247420423287654,40.24
-0.11318939673622114,2.7305953920397164,40.28
-0.1063654831177558,2.7363920101132235,40.32
-0.09947796320131125,2.742455238664744,40.36
-0.09268243979675073,2.748905095747495,40.4
-0.08585459459170282,2.755633222874539,40.44
-0.07893958558607804,2.7625825480156636,40.480000000000004
-0.07181666171802208,2.7696244828477017,40.52
-0.06443729042237734,2.7766923326734463,40.56
-0.05681774441660267,2.7837942572666647,40.6
-0.04896394191719669,2.7909255070314116,40.64
-0.040921479091487516,2.798130113128231,40.68
-0.032655870670493754,2.805352703901802,40.72
-0.024251887075327563,2.8126848876895667,40.76
-0.0155754394887152,2.819937065700789,40.800000000000004
-0.006716411174951228,2.827219740645038,40.84
0.0022768136242162394,2.8345804524379052,40.88
0.011457505882439548,2.841933136780371,40.92
0.020801588702652394,2.849293947471805,40.96
0.03032617355548292,2.8566198654313473,41.0
0.03996816184679646,2.863981689078933,41.04
0.0497017953241769,2.871395657675418,41.08
0.059490277595269654,2.8788909816005805,41.12
0.06920186808137209,2.886600599127867,41.160000000000004
0.0783230573249454,2.8948792696297607,41.2
0.08680437334251792,2.9037018676483983,41.24
0.09487479599969584,2.912921481411189,41.28
0.10247634939226477,2.922525834202584,41.32
0.10946722989606257,2.932522054536014,41.36
0.11558601011655642,2.942906063474845,41.4
0.12068718389145654,2.9536106490273135,41.44
0.12467613697066307,2.964540639479483,41.480000000000004
0.1276222030646705,2.9756209003238916,41.52
0.12949526068770487,2.986748663664403,41.56
0.13032197975357418,2.9978345234938537,41.6
0.130047513038417,3.0087358796918386,41.64
0.12854949810141858,3.0192028847375463,41.68
0.12611065938148927,3.029356534469212,41.72
0.12274942454382419,3.039068878771292,41.76
0.11857739419370258,3.0483188075081906,41.800000000000004
0.11373359756890522,3.0571403611437717,41.84
0.10833018390487271,3.0655511503735293,41.88
0.1024859212980395,3.0735962378594963,41.92
0.09633344545647599,3.081354031315512,41.96
0.08989923935600268,3.088771923558503,42.0
0.08327070806245858,3.095893150087166,42.04
0.07647060221063248,3.1026758010235174,42.08
0.0694722881675513,3.108979636178337,42.12
0.062373042003981236,3.1149162027899644,42.160000000000004
0.05518357680022224,3.120421431391939,42.2
0.04799935512747087,3.125632487187271,42.24
0.040904758191070506,3.1306538535863866,42.28
0.03398432452795793,3.1355778375905468,42.32
0.027222954994191084,3.140353968075984,42.36
0.02062120628958871,3.144956511379816,42.4
0.014148283740313449,3.149305138741132,42.44
0.007858584621352218,3.153474873073378,42.480000000000004
0.0017711503110311208,3.157479443565626,42.52
-0.00405141287760677,3.1613955577085857,42.56
-0.009613446405787096,3.1652071572535596,42.6
-0.014856981907025677,3.168970269610964,42.64
-0.01973322247674805,3.1727166856977096,42.68
-0.024238302360562528,3.17643672594437,42.72
-0.028315762774473348,3.1801471638779097,42.76
-0.03201978638254846,3.1838070080969225,42.800000000000004
-0.0354514038488468,3.187350990634079,42.84
-0.03866853108265089,3.19073375457369,42.88
-0.04172696907378705,3.1939028711228734,42.92
-0.04465571798682187,3.1968222316580563,42.96
-0.04748234573648949,3.1994356060078024,43.0
-0.05021149847794312,3.2016654753042757,43.04
-0.05281105557209665,3.203474693386623,43.08
-0.05526266233579974,3.204915987126951,43.12
-0.05755720665359847,3.206048606849842,43.160000000000004
-0.05969563870210565,3.2069389868447824,43.2
-0.061677770568632745,3.2076363043124916,43.24
-0.06350739105189279,3.2081885215113397,43.28
-0.06518544599731999,3.2086220268251524,43.32
-0.0667053871973665,3.2089367608902872,43.36
-0.06805782073704436,3.2091373328948447,43.4
-0.06925634793426669,3.2092509964051503,43.44
-0.07031702185393833,3.209301445311364,43.480000000000004
-0.07125202889768796,3.209304102422401,43.52
-0.07208093040391494,3.2092774197402796,43.56
-0.07281515989428618,3.2092284317012925,43.6
-0.0734678540760964,3.2091634898973713,43.64
-0.07404899848000666,3.2090831713046537,43.68
-0.07457008721954929,3.208988107891727,43.72
-0.07503902827330064,3.2088743952875896,43.76
-0.07546615698613846,3.2087393637304804,43.800000000000004
-0.07585248749332546,3.2085740401255656,43.84
-0.07621186379341806,3.208375977503647,43.88
-0.07654927969929454,3.2081377117764536,43.92
-0.07687713224122704,3.2078549812232935,43.96
-0.07717990990712026,3.207512488413807,44.0
-0.07742937727201539,3.2071002073364308,44.04
-0.07762551042823888,3.206611332060088,44.08
-0.07779039682401737,3.2060371140188226,44.12
-0.07793426785111537,3.2053697175247264,44.160000000000004
-0.07809398662376706,3.204604676764433,44.2
-0.07829742011178743,3.203740491432804,44.24
-0.0785941821326491,3.2027904599827917,44.28
-0.07903429644060506,3.20178386468727,44.32
-0.07966182135171485,3.2007680056826064,44.36
-0.08049508437735813,3.199774546653025,44.4
-0.08154060403327065,3.198820590550511,44.44
-0.0828122448815699,3.198017948984198,44.480000000000004
-0.08430466299301351,3.197357707390805,44.52
-0.08601249201294842,3.1968429748298717,44.56
-0.08793591352867067,3.196411048220903,44.6
-0.09006796295505778,3.1959724050054388,44.64
-0.09238403694106569,3.195425600180673,44.68
-0.09485567169996181,3.19470563233064,44.72
-0.09751146773401383,3.1938785709803974,44.76
-0.10036296132246826,3.1929771358616788,44.800000000000004
-0.10342682479132734,3.192060554604732,44.84
-0.10671967336807432,3.191289521069684,44.88
-0.11023695028736925,3.190675352457722,44.92
-0.11397446464822956,3.1902130694468833,44.96
-0.11787913529520051,3.1901022774899723,45.0
-0.12185964538110658,3.1904763795056175,45.04
-0.12582510971063057,3.191399985784327,45.08
-0.12982177959100624,3.1927875461011,45.12
-0.13393320526056438,3.1945097745679454,45.160000000000004
-0.13826425087555136,3.196367992614282,45.2
-0.1428376764160348,3.198278169173079,45.24
-0.14758917836490798,3.2003582007207756,45.28
-0.15251420608769972,3.202593944579089,45.32
-0.1576431601310969,3.2048992063735278,45.36
-0.1629564646760656,3.2072948116768782,45.4
-0.16851048981007555,3.209592862795653,45.44
-0.17429592349766135,3.211782834507353,45.480000000000004
-0.1802685472400303,3.213987463522109,45.52
-0.18643007679793666,3.2161665577474827,45.56
-0.19280308491044573,3.2181475521557847,45.6
-0.19937646957963776,3.219887520447829,45.64
-0.20613484235248886,3.2213783693757634,45.68
-0.2130597894731278,3.222564341302614,45.72
-0.2201384569825771,3.2235132551775396,45.76
-0.22735453412406464,3.224218168736525,45.800000000000004
-0.23469983406797892,3.2247916022363796,45.84
-0.24215006022032717,3.225452707504135,45.88
-0.24969046875979792,3.226221460473086,45.92
-0.25729832979271283,3.2271530371864756,45.96
-0.2649065723577465,3.2284145346835027,46.0
-0.2725525128333322,3.2298627915551625,46.04
-0.28023811084187955,3.2314522894560436,46.08
-0.2879855276077443,3.2330561301868133,46.12
-0.29576923920591147,3.234741578026556,46.160000000000004
-0.3035934041025009,3.236455805194041,46.2
-0.3114755272937319,3.2380485258354064,46.24
-0.3194109204798829,3.2394591206122,46.28
-0.3273897679403646,3.240632606162195,46.32
-0.33539998103126645,3.24155523528717,46.36
-0.343434785142209,3.2423578251470224,46.4
-0.3514791266710856,3.2431675658608357,46.44
-0.359522947641797,3.244010710659069,46.480000000000004
-0.3674999521934543,3.2451339215445154,46.52
-0.3753547620210546,3.2466313526193593,46.56
-0.38313149729782736,3.248375193845552,46.6
-0.39085790383699665,3.250268350184006,46.64
-0.3985703128932952,3.252169849705735,46.68
-0.40623616366921206,3.254166406294817,46.72
-0.4138148536356476,3.2563414146390244,46.76
-0.4212526243056074,3.258778316304804,46.800000000000004
-0.4285645135509562,3.2614306705484655,46.84
-0.4357403766328036,3.264296231690995,46.88
-0.4427373775758859,3.267417485001907,46.92
-0.4496559129992822,3.270628594142661,46.96
-0.4564678748210152,3.2739631796678332,47.0
-0.46311808200118887,3.2774850948474588,47.04
-0.4695432039682889,3.281249985024497,47.08
-0.4757087920397342,3.285271718960979,47.12
-0.48165143524481885,3.289501380607006,47.160000000000004
-0.4874504070949409,3.2938527252515337,47.2
-0.4932000429855458,3.2982133500165376,47.24
-0.4988638835233222,3.302619487038858,47.28
-0.5044487984142305,3.307057904928336,47.32
-0.5099700746410795,3.3115070834565885,47.36
-0.5154522127001285,3.3159350580828506,47.4
-0.5209287613216513,3.3202964474376557,47.44
-0.5263960151064967,3.3245947777337452,47.480000000000004
-0.531842816122358,3.328844629073918,47.52
-0.537275211862012,3.3330380394489856,47.56
-0.5426425768511894,3.33724074646659,47.6
-0.5478946638477684,3.341507871046206,47.64
-0.552977343937182,3.345887390588676,47.68
-0.5579112974309163,3.35036030544667,47.72
-0.5627592215665779,3.3548719658440938,47.76
-0.5675683463188482,3.359377915887467,47.800000000000004
-0.5723802185496589,3.363835155299171,47.84
-0.5772009094117331,3.3682387954085495,47.88
-0.5818701901450706,3.372743557463517,47.92
-0.5863226605980032,3.3773903852404588,47.96
-0.5905286337145548,3.3821894907986936,48.0
-0.594546386222246,3.387105226179578,48.04
-0.5984626520138718,3.392084753327081,48.08
-0.6023515824033218,3.397077032226269,48.120000000000005
-0.6061776569056287,3.4021067063505757,48.160000000000004
-0.609793924708415,3.407250909670531,48.2
-0.6131138023011694,3.4125323989478233,48.24
-0.6162743153594424,3.417899890520095,48.28
-0.619295261465166,3.423341790115827,48.32
-0.6221901460398629,3.4288495835521386,48.36
-0.6249147371486735,3.4344342470913616,48.4
-0.6274224570957715,3.440102300037024,48.44
-0.6296120408257957,3.44585928194863,48.480000000000004
-0.6313866458841464,3.4516897597033473,48.52
-0.6328193143607103,3.4575837505231504,48.56
-0.6337549915843257,3.4634916020217426,48.6
-0.6343207129247612,3.469426115624488,48.64
-0.6345133162988619,3.475366482341666,48.68
-0.634323883846114,3.4812881814261267,48.72
-0.6337745325717808,3.4871786977197,48.76
-0.6328914777459742,3.4930291946259606,48.800000000000004
-0.6317062333479367,3.4988357164021417,48.84
-0.630226489124669,3.504583353384245,48.88
-0.6284102968735114,3.5102232339884756,48.92
-0.6262585800060196,3.5157307714577812,48.96
-0.623753151681328,3.5210593185207233,49.0
-0.6209662126011837,3.5262529228744466,49.04
-0.6180332447497956,3.531410279180724,49.08
-0.6151209339850808,3.5366247169111156,49.120000000000005
-0.6123442178304944,3.5419347168111646,49.160000000000004
-0.6097801265470683,3.5473505848250593,49.2
-0.6073656183288892,3.552845474625819,49.24
-0.6049722197455397,3.5583686570181436,49.28
-0.6024470779652056,3.5638346183758003,49.32
-0.5998717874091111,3.569282855867591,49.36
-0.5971978099033399,3.5746775442709513,49.4
-0.5943138896204673,3.5799227264390496,49.44
-0.5911584351058575,3.5849307455161052,49.480000000000004
-0.5877917263479004,3.5897511631214813,49.52
-0.5842754137470049,3.594436142273728,49.56
-0.5806685369576856,3.5990336005267713,49.6
-0.5769909454959595,3.603551286362884,49.64
-0.5732928611336735,3.6080266069941693,49.68
-0.5696804892109292,3.6125340841303983,49.72
-0.5661689746089807,3.6170749422210253,49.76
-0.5628245380525428,3.621676861324659,49.800000000000004
-0.5596495669211518,3.6263311148556663,49.84
-0.5565500622437017,3.6309816945133866,49.88
-0.5535344378463384,3.635626244887496,49.92
-0.5506446516664566,3.6402790545973844,49.96
-0.5478750232075121,3.644930447318109,50.0
-0.5452019350152274,3.6495631147507206,50.04
-0.5426702539571475,3.6541897656113678,50.08
-0.5402695724838309,3.6587999932683255,50.120000000000005
-0.5380729655110281,3.6634083288121158,50.160000000000004
-0.5361095208339395,3.6680106973667215,50.2
-0.5343612311544809,3.672594703632292,50.24
-0.5328007155893706,3.6771479244963063,50.28
-0.5313820540279922,3.6816566633085746,50.32
-0.5301807037801588,3.6861180722302302,50.36
-0.529221945694261,3.690519743421371,50.4
-0.5284795941607957,3.6948528632430424,50.44
-0.5278988938014799,3.6991132807942675,50.480000000000004
-0.5274033590748914,3.7032972667690207,50.52
-0.5269015932386766,3.7073933802082175,50.56
-0.526364202295654,3.7113920045468465,50.6
-0.5258259589904193,3.7152959171791116,50.64
-0.5252851091529328,3.71910166045328,50.68
-0.5247256073694816,3.7228033581018947,50.72
-0.5240643772324439,3.7263709346349696,50.76
-0.5232464709234369,3.729765204660188,50.800000000000004
-0.5222963119598869,3.7329917887028103,50.84
-0.521220415151698,3.7360433641646553,50.88
-0.5200176662883831,3.7389033956967004,50.92
-0.5186978062841832,3.7415637499468986,50.96
-0.5172951821987326,3.7440489654870026,51.0
-0.5158536491339324,3.7463965948592315,51.04
-0.5144000160683438,3.7486255725677533,51.08
-0.5129442093100076,3.750739307595237,51.120000000000005
-0.5115018162422552,3.7527481192280874,51.160000000000004
-0.5100549955250278,3.754627121957578,51.2
-0.5086056628147754,3.7563717727285173,51.24
-0.507200528623871,3.7580346141314815,51.28
-0.5058585392813043,3.7596312608022595,51.32
-0.5045927013912482,3.761170881158718,51.36
-0.5034142210083176,3.7626601073692973,51.4
-0.502319697772963,3.764096773607841,51.44
-0.5013039485033906,3.765478255851505,51.480000000000004
-0.5003563657671939,3.766799457586219,51.52
-0.49946190803253365,3.7680524872006673,51.56
-0.4986074529685167,3.769229514368932,51.6
-0.4977747394109283,3.770313957424126,51.64
-0.4969699700371352,3.771315269229361,51.68
-0.4961817113904697,3.7722170087422766,51.72
-0.4954160858747712,3.773031331976594,51.76
-0.4946748372082834,3.7737626800859525,51.800000000000004
-0.4939648303680365,3.7744275135185013,51.84
-0.4932871939270931,3.7750315722042402,51.88
-0.4926428596569186,3.775580924299352,51.92
-0.49202946258644087,3.776075362960367,51.96
-0.49144696568550744,3.7765200979220572,52.0
-0.49089880578108036,3.776928187765989,52.04
-0.49038781109075763,3.7773093961853075,52.08
-0.489915456992716,3.7776701551510663,52.120000000000005
-0.48948808274131833,3.7780190974326597,52.160000000000004
-0.48910588958920004,3.7783585168156364,52.2
-0.48876824504663013,3.778689690064837,52.24
-0.4884682710849378,3.7790119186733437,52.28
-0.48819759255800094,3.7793241514806515,52.32
-0.4879529913046011,3.779627430422546,52.36
-0.4877323770336198,3.7799233165407617,52.4
-0.48753437028283025,3.7802136183911954,52.44
-0.48735859204705295,3.7805003291250685,52.480000000000004
-0.4872030999331993,3.780785105241432,52.52
-0.48706478245913876,3.781069518233591,52.56
-0.48694351045827644,3.7813555837594226,52.6
-0.4868419744833683,3.781645236789104,52.64
-0.48676259760145973,3.781939897634221,52.68
-0.4867069431407123,3.782240726525498,52.72
-0.4866643046332797,3.782551101882836,52.76
-0.4866269010244908,3.782873252216413,52.800000000000004
-0.4865876311294598,3.783208771366621,52.84
-0.48654210404780596,3.7835590980198073,52.88
-0.48648644221326376,3.783925488347398,52.92
-0.4864219937186772,3.7843103390691257,52.96
-0.48634869929863567,3.7847156892999583,53.0
-0.48627245262843805,3.7851447487189094,53.04
-0.48619606698254203,3.7855998928431993,53.08
-0.4861188496979014,3.7860829401655756,53.120000000000005
-0.4860480108984549,3.7865963686031154,53.160000000000004
-0.48598562070903917,3.7871419702581077,53.2
-0.4859334267533082,3.7877213924472737,53.24
-0.4859041233270258,3.788335293048325,53.28
-0.485910715437445,3.7889823831179683,53.32
-0.48593466292098497,3.7896673763215194,53.36
-0.4859735511491856,3.790391829607211,53.4
-0.48601037610429937,3.791158342812762,53.44
-0.4860161142014523,3.7919660879929675,53.480000000000004
-0.48600397568910325,3.792817732313824,53.52
-0.4859768547576604,3.7937145258934235,53.56
-0.48591196457536867,3.7946535156038435,53.6
-0.4857821574153656,3.795625935311592,53.64
-0.48556392894737777,3.796618131169047,53.68
-0.4852479822177098,3.7976207297217597,53.72
-0.4848231631726806,3.7986192711803746,53.76
-0.48429140262661174,3.799610602444185,53.800000000000004
-0.4836621512554192,3.8006009347062006,53.84
-0.4829542407127263,3.8016077475982533,53.88
-0.48216143089949237,3.802620951716596,53.92
-0.48129376136152685,3.8036495804286554,53.96
-0.4803554909698868,3.804696343862387,54.0
-0.4793415417117746,3.8057529183481047,54.04
-0.47827079789176113,3.806840352296102,54.08
-0.4771733236006027,3.80798691454493,54.120000000000005
-0.4760362355051055,3.809180516287911,54.160000000000004
-0.4748527299475129,3.8104141483453784,54.2
-0.47360871455724446,3.8116724981357906,54.24
-0.4722988399692141,3.8129487778436753,54.28
-0.47093046548992384,3.814251426174483,54.32
-0.4694833475487087,3.8155536585825147,54.36
-0.4679339371940989,3.816812605171254,54.4
-0.466278817266344,3.8180147898099888,54.44
-0.464503613672946,3.8190912349523156,54.480000000000004
-0.46261541501968184,3.8199621578126512,54.52
-0.46062287260841744,3.820648148155264,54.56
-0.45852930330789743,3.8212020334909074,54.6
-0.45633914584784047,3.8216792378247986,54.64
-0.4540726223131526,3.822198224099996,54.68
-0.4517625966173303,3.822834634001661,54.72
-0.44941623616698306,3.823593066129708,54.76
-0.4470081700912196,3.8244158003770146,54.800000000000004
-0.4445313262866721,3.825279985335936,54.84
-0.44197479592975114,3.8261487721116243,54.88
-0.43933589799013467,3.827007421550159,54.92
-0.4366259684181867,3.827891060443964,54.96
-0.4338514076570483,3.828815753869724,55.0
-0.4310419651803524,3.829845538894336,55.04
-0.42821493573776576,3.8310060121750937,55.08
-0.42537859381234333,3.832305011850428,55.120000000000005
-0.4225501944990114,3.833759947026347,55.160000000000004
-0.419702717317208,3.835332824065634,55.2
-0.41681115591674883,3.836986166581999,55.24
-0.41391531103214607,3.8387699777451143,55.28
-0.41097285536502404,3.840628414361337,55.32
-0.4079614079193158,3.8425270384807844,55.36
-0.40487536655940554,3.8444560798872582,55.4
-0.40170663820159164,3.8464011741921627,55.44
-0.39847855075614735,3.8484010522167558,55.480000000000004
-0.3952543352534312,3.8505376425307825,55.52
-0.39201585902209624,3.852789004472337,55.56
-0.3887942608314261,3.855186268522846,55.6
-0.38561013237390784,3.8577453756650804,55.64
-0.3825060039004232,3.8604949514391866,55.68
-0.37952956316353953,3.863457891458225,55.72
-0.37678414081624434,3.866667611151256,55.76
-0.3742601608611552,3.870107822500409,55.800000000000004
-0.371999659707925,3.8737731594124227,55.84
-0.36988073146394157,3.8776259670339996,55.88
-0.3680526269834703,3.881677009673238,55.92
-0.3664762300052621,3.8859101871929718,55.96
-0.36503960104966626,3.890306263317572,56.0
-0.36374580532149187,3.8948571094283144,56.04
-0.3626556654033616,3.899556487686115,56.08
-0.3617137368285938,3.9043959132117774,56.120000000000005
-0.36087262900960876,3.9093675122258915,56.160000000000004
-0.35999475005397175,3.914451080315053,56.2
-0.35895945054452183,3.91961078554474,56.24
-0.3577506828093375,3.9248356208594726,56.28
-0.3563302800128828,3.930103400187102,56.32
-0.35472548340903287,3.935421184035402,56.36
-0.3528954160819712,3.9407617763411102,56.4
-0.35091195541987613,3.946158063975107,56.44
-0.34883034209647273,3.9516325103645875,56.480000000000004
-0.3467163587993846,3.957209469902413,56.52
-0.34475564339003467,3.962936274085612,56.56
-0.3429553247782763,3.96880907954428,56.6
-0.34139542240809373,3.9748283256522265,56.64
-0.34006497669746805,3.980986298717136,56.68
-0.3386955076650757,3.987248624093651,56.72
-0.33732621488624764,3.9936207330972384,56.76
-0.3358870376081491,4.000084000330944,56.800000000000004
-0.33426770400662215,4.006599698604549,56.84
-0.3323047287338643,4.013079546646014,56.88
-0.3299597409383791,4.019483069664904,56.92
-0.32737143854237005,4.025893023694035,56.96
-0.32465422541957406,4.032366636521365,57.0
-0.3218171323031059,4.038903307975717,57.04
-0.3188980774510576,4.045517338720104,57.08
-0.3159109015740134,4.052211431471127,57.120000000000005
-0.312651336617815,4.058858064020157,57.160000000000004
-0.308974116763467,4.065308204346859,57.2
-0.30490028526232676,4.071560107331373,57.24
-0.30055144871303857,4.077730705462832,57.28
-0.29611011328987735,4.0839713940626385,57.32
-0.29159568464014846,4.090289196143702,57.36
-0.2870317710064268,4.096694554359166,57.4
-0.28253074162038744,4.103252316419647,57.44
-0.278171521422087,4.109995497920314,57.480000000000004
-0.27402963268864144,4.116946010619814,57.52
-0.27027307067885936,4.124136363852872,57.56
-0.2669537712352601,4.131555004048446,57.6
-0.26407746049436004,4.1391812597072555,57.64
-0.2615943326230474,4.146992852729142,57.68
-0.25959248284556585,4.154966005655824,57.72
-0.258111645613355,4.16307020902363,57.76
-0.25695137498714143,4.171307584771157,57.800000000000004
-0.2558000605400538,4.179658412913762,57.84
-0.25457618307555774,4.188099849170371,57.88
-0.2530988405281985,4.19657489432833,57.92
-0.25110349360483436,4.2049399458724395,57.96
-0.24865054745615944,4.213206296682131,58.0
-0.2457967450514379,4.2213863470527135,58.04
-0.24281968891590036,4.229615844654624,58.08
-0.23994297983804377,4.2379612714098025,58.120000000000005
-0.23710720510118677,4.24639631751344,58.160000000000004
-0.23425612516716554,4.254894669832002,58.2
-0.23127371209602018,4.263403822358355,58.24
-0.2281216246247178,4.271897066547106,58.28
-0.22464517812191828,4.280272567538198,58.32
-0.2208968813016274,4.288551212100925,58.36
-0.21693231322249992,4.296757417889834,58.4
-0.21286111081510606,4.304949161478176,58.44
-0.2087170926094247,4.313137298553606,58.480000000000004
-0.20448262603863862,4.321303871995559,58.52
-0.20000156549905918,4.329331143586617,58.56
-0.19522357873126933,4.33715859689364,58.6
-0.19015585278019023,4.344773450276212,58.64
-0.18497239176434416,4.3523222913349535,58.68
-0.17960394144510866,4.359731401404048,58.72
-0.17400554249667957,4.366937143047238,58.76
-0.16826273290182403,4.374016081322947,58.800000000000004
-0.16246705982281848,4.381045009039101,58.84
-0.1567866553583686,4.388146624112763,58.88
-0.15131176758744136,4.395365424816972,58.92
-0.14605647829419155,4.402697121100105,58.96
-0.14111101052042557,4.410168635166519,59.0
-0.136347587471506,4.41771279660024,59.04
-0.13188205446077966,4.42536395902742,59.08
-0.12778001072439768,4.43312541402616,59.120000000000005
-0.12410338588374577,4.440990378716011,59.160000000000004
-0.12072097648085138,4.448917454020193,59.2
-0.1176574758018927,4.456895009447204,59.24
-0.11477090311213327,4.464881797734883,59.28
-0.11186089090346432,4.472804635676353,59.32
-0.10897924015255224,4.480673433213093,59.36
-0.10612484611418378,4.488478574580558,59.4
-0.10334741173673301,4.496228200516972,59.44
-0.10075109502415101,4.503940799558184,59.480000000000004
-0.0983955734842677,4.51161614741928,59.52
-0.09634932748074254,4.519247566132027,59.56
-0.09440652778290792,4.526801176243157,59.6
-0.09257805774584113,4.534270007428496,59.64
-0.09071108462197892,4.541609502207513,59.68
-0.08883448899547773,4.548820134201493,59.72
-0.0868835271051773,4.55587138474605,59.76
-0.0848674001812866,4.56275762915743,59.800000000000004
-0.08283371382931622,4.569488403817877,59.84
-0.08076706877574398,4.576049371276675,59.88
-0.07861944358099596,4.582409636709622,59.92
-0.07643192621839533,4.588579253608731,59.96
-0.07427247738266761,4.594579226875803,60.0
-0.07427247738266761,4.594579226875803,60.04
